a,b,c,d,e,f,g,h,i,j,k,l,m,n,o,p,q,r,s,t,u,v,w,x,y,z
sheet1,sheet1,sheet1,sheet1,sheet1,sheet1,sheet1,sheet1,sheet1,sheet1,sheet1,sheet1,sheet1,sheet1,sheet1,sheet1,sheet1,sheet1,sheet1,sheet1,sheet1,sheet1,sheet1,sheet1,sheet1,sheet1
sheet1,sheet1,sheet1,sheet1,sheet1,sheet1,sheet1,sheet1,sheet1,sheet1,sheet1,sheet1,sheet1,sheet1,sheet1,sheet1,sheet1,sheet1,sheet1,sheet1,sheet1,sheet1,sheet1,sheet1,sheet1,sheet1
sheet1,sheet1,sheet1,sheet1,sheet1,sheet1,sheet1,sheet1,sheet1,sheet1,sheet1,sheet1,sheet1,sheet1,sheet1,sheet1,sheet1,sheet1,sheet1,sheet1,sheet1,sheet1,sheet1,sheet1,sheet1,sheet1
sheet1,sheet1,sheet1,sheet1,sheet1,sheet1,sheet1,sheet1,sheet1,sheet1,sheet1,sheet1,sheet1,sheet1,sheet1,sheet1,sheet1,sheet1,sheet1,sheet1,sheet1,sheet1,sheet1,sheet1,sheet1,sheet1
sheet1,sheet1,sheet1,sheet1,sheet1,sheet1,sheet1,sheet1,sheet1,sheet1,sheet1,sheet1,sheet1,sheet1,sheet1,sheet1,sheet1,sheet1,sheet1,sheet1,sheet1,sheet1,sheet1,sheet1,sheet1,sheet1
sheet1,sheet1,sheet1,sheet1,sheet1,sheet1,sheet1,sheet1,sheet1,sheet1,sheet1,sheet1,sheet1,sheet1,sheet1,sheet1,sheet1,sheet1,sheet1,sheet1,sheet1,sheet1,sheet1,sheet1,sheet1,sheet1
sheet1,sheet1,sheet1,sheet1,sheet1,sheet1,sheet1,sheet1,sheet1,sheet1,sheet1,sheet1,sheet1,sheet1,sheet1,sheet1,sheet1,sheet1,sheet1,sheet1,sheet1,sheet1,sheet1,sheet1,sheet1,sheet1
sheet1,sheet1,sheet1,sheet1,sheet1,sheet1,sheet1,sheet1,sheet1,sheet1,sheet1,sheet1,sheet1,sheet1,sheet1,sheet1,sheet1,sheet1,sheet1,sheet1,sheet1,sheet1,sheet1,sheet1,sheet1,sheet1
sheet1,sheet1,sheet1,sheet1,sheet1,sheet1,sheet1,sheet1,sheet1,sheet1,sheet1,sheet1,sheet1,sheet1,sheet1,sheet1,sheet1,sheet1,sheet1,sheet1,sheet1,sheet1,sheet1,sheet1,sheet1,sheet1
sheet1,sheet1,sheet1,sheet1,sheet1,sheet1,sheet1,sheet1,sheet1,sheet1,sheet1,sheet1,sheet1,sheet1,sheet1,sheet1,sheet1,sheet1,sheet1,sheet1,sheet1,sheet1,sheet1,sheet1,sheet1,sheet1
a,b,c,d,e,f,g,h,i,j,k,l,m,n,o,p,q,r,s,t,u,v,w,x,y,z
sheet2,sheet2,sheet2,sheet2,sheet2,sheet2,sheet2,sheet2,sheet2,sheet2,sheet2,sheet2,sheet2,sheet2,sheet2,sheet2,sheet2,sheet2,sheet2,sheet2,sheet2,sheet2,sheet2,sheet2,sheet2,sheet2
sheet2,sheet2,sheet2,sheet2,sheet2,sheet2,sheet2,sheet2,sheet2,sheet2,sheet2,sheet2,sheet2,sheet2,sheet2,sheet2,sheet2,sheet2,sheet2,sheet2,sheet2,sheet2,sheet2,sheet2,sheet2,sheet2
sheet2,sheet2,sheet2,sheet2,sheet2,sheet2,sheet2,sheet2,sheet2,sheet2,sheet2,sheet2,sheet2,sheet2,sheet2,sheet2,sheet2,sheet2,sheet2,sheet2,sheet2,sheet2,sheet2,sheet2,sheet2,sheet2
sheet2,sheet2,sheet2,sheet2,sheet2,sheet2,sheet2,sheet2,sheet2,sheet2,sheet2,sheet2,sheet2,sheet2,sheet2,sheet2,sheet2,sheet2,sheet2,sheet2,sheet2,sheet2,sheet2,sheet2,sheet2,sheet2
sheet2,sheet2,sheet2,sheet2,sheet2,sheet2,sheet2,sheet2,sheet2,sheet2,sheet2,sheet2,sheet2,sheet2,sheet2,sheet2,sheet2,sheet2,sheet2,sheet2,sheet2,sheet2,sheet2,sheet2,sheet2,sheet2
sheet2,sheet2,sheet2,sheet2,sheet2,sheet2,sheet2,sheet2,sheet2,sheet2,sheet2,sheet2,sheet2,sheet2,sheet2,sheet2,sheet2,sheet2,sheet2,sheet2,sheet2,sheet2,sheet2,sheet2,sheet2,sheet2
sheet2,sheet2,sheet2,sheet2,sheet2,sheet2,sheet2,sheet2,sheet2,sheet2,sheet2,sheet2,sheet2,sheet2,sheet2,sheet2,sheet2,sheet2,sheet2,sheet2,sheet2,sheet2,sheet2,sheet2,sheet2,sheet2
sheet2,sheet2,sheet2,sheet2,sheet2,sheet2,sheet2,sheet2,sheet2,sheet2,sheet2,sheet2,sheet2,sheet2,sheet2,sheet2,sheet2,sheet2,sheet2,sheet2,sheet2,sheet2,sheet2,sheet2,sheet2,sheet2
sheet2,sheet2,sheet2,sheet2,sheet2,sheet2,sheet2,sheet2,sheet2,sheet2,sheet2,sheet2,sheet2,sheet2,sheet2,sheet2,sheet2,sheet2,sheet2,sheet2,sheet2,sheet2,sheet2,sheet2,sheet2,sheet2
sheet2,sheet2,sheet2,sheet2,sheet2,sheet2,sheet2,sheet2,sheet2,sheet2,sheet2,sheet2,sheet2,sheet2,sheet2,sheet2,sheet2,sheet2,sheet2,sheet2,sheet2,sheet2,sheet2,sheet2,sheet2,sheet2
